{
  "$schema": "https://raw.githubusercontent.com/YosysHQ/yosys/master/misc/jny.schema.json",
  "generator": "Yosys 0.39+124 (git sha1 d73f71e81, clang++ 14.0.0-1ubuntu1.1 -fPIC -Os)",
  "version": "0.0.1",
  "invocation": "write_jny -no-connections ../model/design.json ",
  "features": ["attributes", "properties"],
  "modules": [
      {
        "name": "teste_clock",
        "cell_sorts": [
          {
            "type": "$add",
            "ports": [
                {
                  "name": "A",
                  "direction": "io",
                  "range": [8, 0]
                },
                {
                  "name": "B",
                  "direction": "io",
                  "range": [0, 0]
                },
                {
                  "name": "Y",
                  "direction": "",
                  "range": [8, 0]
                }
            ],
            "cells": [
                {
                  "name": "\\6",
                  "attributes": {

                  },
                  "parameters": {
                    "A_SIGNED": "00000000000000000000000000000000",
                    "A_WIDTH": "00000000000000000000000000001000",
                    "B_SIGNED": "00000000000000000000000000000000",
                    "B_WIDTH": "00000000000000000000000000000001",
                    "Y_WIDTH": "00000000000000000000000000001000"
                  }
                }
            ]
          },
          {
            "type": "$adff",
            "ports": [
                {
                  "name": "ARST",
                  "direction": "io",
                  "range": [0, 0]
                },
                {
                  "name": "CLK",
                  "direction": "io",
                  "range": [0, 0]
                },
                {
                  "name": "D",
                  "direction": "io",
                  "range": [8, 0]
                },
                {
                  "name": "Q",
                  "direction": "",
                  "range": [8, 0]
                }
            ],
            "cells": [
                {
                  "name": "\\11",
                  "attributes": {

                  },
                  "parameters": {
                    "ARST_POLARITY": "00000000000000000000000000000001",
                    "ARST_VALUE": "00000000",
                    "CLK_POLARITY": "00000000000000000000000000000001",
                    "WIDTH": "00000000000000000000000000001000"
                  }
                }
            ]
          }
        ],
        "attributes": {

        }
      },
      {
        "name": "verify_teste_clock",
        "cell_sorts": [
          {
            "type": "$check",
            "ports": [
                {
                  "name": "A",
                  "direction": "io",
                  "range": [0, 0]
                },
                {
                  "name": "ARGS",
                  "direction": "io",
                  "range": [0, 0]
                },
                {
                  "name": "EN",
                  "direction": "io",
                  "range": [0, 0]
                },
                {
                  "name": "TRG",
                  "direction": "io",
                  "range": [0, 0]
                }
            ],
            "cells": [
                {
                  "name": "_witness_.check_assert_verif_teste_clock_sv_17_9",
                  "attributes": {
                    "hdlname": "_witness_ check_assert_verif_teste_clock_sv_17_9",
                    "src": "verif_teste_clock.sv:17.9-17.49"
                  },
                  "parameters": {
                    "ARGS_WIDTH": "00000000000000000000000000000000",
                    "FLAVOR": "assert",
                    "FORMAT": true,
                    "PRIORITY": "11111111111111111111111111111111",
                    "TRG_ENABLE": "00000000000000000000000000000001",
                    "TRG_POLARITY": "1",
                    "TRG_WIDTH": "00000000000000000000000000000001"
                  }
                },
                {
                  "name": "_witness_.check_assert_verif_teste_clock_sv_18_14",
                  "attributes": {
                    "hdlname": "_witness_ check_assert_verif_teste_clock_sv_18_14",
                    "src": "verif_teste_clock.sv:18.9-18.68"
                  },
                  "parameters": {
                    "ARGS_WIDTH": "00000000000000000000000000000000",
                    "FLAVOR": "assert",
                    "FORMAT": true,
                    "PRIORITY": "11111111111111111111111111111110",
                    "TRG_ENABLE": "00000000000000000000000000000001",
                    "TRG_POLARITY": "1",
                    "TRG_WIDTH": "00000000000000000000000000000001"
                  }
                }
            ]
          },
          {
            "type": "teste_clock",
            "ports": [
                {
                  "name": "clk",
                  "direction": "io",
                  "range": [0, 0]
                },
                {
                  "name": "count",
                  "direction": "",
                  "range": [8, 0]
                },
                {
                  "name": "reset",
                  "direction": "io",
                  "range": [0, 0]
                }
            ],
            "cells": [
                {
                  "name": "dut",
                  "attributes": {
                    "module_not_derived": "00000000000000000000000000000001",
                    "src": "verif_teste_clock.sv:7.17-11.6"
                  },
                  "parameters": {

                  }
                }
            ]
          },
          {
            "type": "$mux",
            "ports": [
                {
                  "name": "A",
                  "direction": "io",
                  "range": [0, 0]
                },
                {
                  "name": "B",
                  "direction": "io",
                  "range": [0, 0]
                },
                {
                  "name": "S",
                  "direction": "io",
                  "range": [0, 0]
                },
                {
                  "name": "Y",
                  "direction": "",
                  "range": [0, 0]
                }
            ],
            "cells": [
                {
                  "name": "$ternary$verif_teste_clock.sv:17$11",
                  "attributes": {
                    "src": "verif_teste_clock.sv:17.17-17.48"
                  },
                  "parameters": {
                    "WIDTH": "00000000000000000000000000000001"
                  }
                },
                {
                  "name": "$ternary$verif_teste_clock.sv:18$18",
                  "attributes": {
                    "src": "verif_teste_clock.sv:18.17-18.67"
                  },
                  "parameters": {
                    "WIDTH": "00000000000000000000000000000001"
                  }
                }
            ]
          },
          {
            "type": "$dff",
            "ports": [
                {
                  "name": "CLK",
                  "direction": "io",
                  "range": [0, 0]
                },
                {
                  "name": "D",
                  "direction": "io",
                  "range": [0, 0]
                },
                {
                  "name": "Q",
                  "direction": "",
                  "range": [0, 0]
                }
            ],
            "cells": [
                {
                  "name": "$procdff$23",
                  "attributes": {
                    "src": "verif_teste_clock.sv:16.5-19.8"
                  },
                  "parameters": {
                    "CLK_POLARITY": "1",
                    "WIDTH": "00000000000000000000000000000001"
                  }
                },
                {
                  "name": "$procdff$24",
                  "attributes": {
                    "src": "verif_teste_clock.sv:16.5-19.8"
                  },
                  "parameters": {
                    "CLK_POLARITY": "1",
                    "WIDTH": "00000000000000000000000000000001"
                  }
                },
                {
                  "name": "$procdff$25",
                  "attributes": {
                    "src": "verif_teste_clock.sv:16.5-19.8"
                  },
                  "parameters": {
                    "CLK_POLARITY": "1",
                    "WIDTH": "00000000000000000000000000001000"
                  }
                }
            ]
          },
          {
            "type": "$eq",
            "ports": [
                {
                  "name": "A",
                  "direction": "io",
                  "range": [8, 0]
                },
                {
                  "name": "B",
                  "direction": "io",
                  "range": [8, 0]
                },
                {
                  "name": "Y",
                  "direction": "",
                  "range": [0, 0]
                }
            ],
            "cells": [
                {
                  "name": "$eq$verif_teste_clock.sv:18$17",
                  "attributes": {
                    "src": "verif_teste_clock.sv:18.34-18.62"
                  },
                  "parameters": {
                    "A_SIGNED": "00000000000000000000000000000000",
                    "A_WIDTH": "00000000000000000000000000001000",
                    "B_SIGNED": "00000000000000000000000000000000",
                    "B_WIDTH": "00000000000000000000000000001000",
                    "Y_WIDTH": "00000000000000000000000000000001"
                  }
                }
            ]
          },
          {
            "type": "$logic_not",
            "ports": [
                {
                  "name": "A",
                  "direction": "io",
                  "range": [8, 0]
                },
                {
                  "name": "Y",
                  "direction": "",
                  "range": [0, 0]
                }
            ],
            "cells": [
                {
                  "name": "$eq$verif_teste_clock.sv:17$10",
                  "attributes": {
                    "src": "verif_teste_clock.sv:17.33-17.43"
                  },
                  "parameters": {
                    "A_SIGNED": "00000000000000000000000000000000",
                    "A_WIDTH": "00000000000000000000000000001000",
                    "Y_WIDTH": "00000000000000000000000000000001"
                  }
                }
            ]
          },
          {
            "type": "$add",
            "ports": [
                {
                  "name": "A",
                  "direction": "io",
                  "range": [8, 0]
                },
                {
                  "name": "B",
                  "direction": "io",
                  "range": [0, 0]
                },
                {
                  "name": "Y",
                  "direction": "",
                  "range": [8, 0]
                }
            ],
            "cells": [
                {
                  "name": "$add$verif_teste_clock.sv:18$16",
                  "attributes": {
                    "src": "verif_teste_clock.sv:18.43-18.62"
                  },
                  "parameters": {
                    "A_SIGNED": "00000000000000000000000000000000",
                    "A_WIDTH": "00000000000000000000000000001000",
                    "B_SIGNED": "00000000000000000000000000000000",
                    "B_WIDTH": "00000000000000000000000000000001",
                    "Y_WIDTH": "00000000000000000000000000001000"
                  }
                }
            ]
          }
        ],
        "attributes": {
            "keep": "00000000000000000000000000000001",
            "top": "00000000000000000000000000000001",
            "src": "verif_teste_clock.sv:1.1-20.10"
        }
      }
  ]
}
