{
  "$schema": "https://raw.githubusercontent.com/YosysHQ/yosys/master/misc/jny.schema.json",
  "generator": "Yosys 0.39+124 (git sha1 d73f71e81, clang++ 14.0.0-1ubuntu1.1 -fPIC -Os)",
  "version": "0.0.1",
  "invocation": "write_jny -no-connections ../model/design.json ",
  "features": ["attributes", "properties"],
  "modules": [
      {
        "name": "teste_integer",
        "cell_sorts": [
          {
            "type": "$add",
            "ports": [
                {
                  "name": "A",
                  "direction": "io",
                  "range": [4, 0]
                },
                {
                  "name": "B",
                  "direction": "io",
                  "range": [4, 0]
                },
                {
                  "name": "Y",
                  "direction": "",
                  "range": [5, 0]
                }
            ],
            "cells": [
                {
                  "name": "\\5",
                  "attributes": {

                  },
                  "parameters": {
                    "A_SIGNED": "00000000000000000000000000000000",
                    "A_WIDTH": "00000000000000000000000000000100",
                    "B_SIGNED": "00000000000000000000000000000000",
                    "B_WIDTH": "00000000000000000000000000000100",
                    "Y_WIDTH": "00000000000000000000000000000101"
                  }
                }
            ]
          }
        ],
        "attributes": {

        }
      },
      {
        "name": "verify_teste_integer",
        "cell_sorts": [
          {
            "type": "teste_integer",
            "ports": [
                {
                  "name": "val_in",
                  "direction": "io",
                  "range": [4, 0]
                },
                {
                  "name": "val_out",
                  "direction": "",
                  "range": [5, 0]
                }
            ],
            "cells": [
                {
                  "name": "dut",
                  "attributes": {
                    "module_not_derived": "00000000000000000000000000000001",
                    "src": "verif_teste_integer.sv:6.19-9.6"
                  },
                  "parameters": {

                  }
                }
            ]
          },
          {
            "type": "$check",
            "ports": [
                {
                  "name": "A",
                  "direction": "io",
                  "range": [0, 0]
                },
                {
                  "name": "ARGS",
                  "direction": "io",
                  "range": [0, 0]
                },
                {
                  "name": "EN",
                  "direction": "io",
                  "range": [0, 0]
                },
                {
                  "name": "TRG",
                  "direction": "io",
                  "range": [0, 0]
                }
            ],
            "cells": [
                {
                  "name": "_witness_.check_assert_verif_teste_integer_sv_13_4",
                  "attributes": {
                    "hdlname": "_witness_ check_assert_verif_teste_integer_sv_13_4",
                    "src": "verif_teste_integer.sv:13.9-13.40"
                  },
                  "parameters": {
                    "ARGS_WIDTH": "00000000000000000000000000000000",
                    "FLAVOR": "assert",
                    "FORMAT": true,
                    "PRIORITY": "11111111111111111111111111111110",
                    "TRG_ENABLE": "00000000000000000000000000000000",
                    "TRG_POLARITY": true,
                    "TRG_WIDTH": "00000000000000000000000000000000"
                  }
                },
                {
                  "name": "_witness_.check_assert_verif_teste_integer_sv_14_7",
                  "attributes": {
                    "hdlname": "_witness_ check_assert_verif_teste_integer_sv_14_7",
                    "src": "verif_teste_integer.sv:14.9-14.31"
                  },
                  "parameters": {
                    "ARGS_WIDTH": "00000000000000000000000000000000",
                    "FLAVOR": "assert",
                    "FORMAT": true,
                    "PRIORITY": "11111111111111111111111111111101",
                    "TRG_ENABLE": "00000000000000000000000000000000",
                    "TRG_POLARITY": true,
                    "TRG_WIDTH": "00000000000000000000000000000000"
                  }
                },
                {
                  "name": "_witness_.check_assume_verif_teste_integer_sv_12_2",
                  "attributes": {
                    "hdlname": "_witness_ check_assume_verif_teste_integer_sv_12_2",
                    "src": "verif_teste_integer.sv:12.9-12.30"
                  },
                  "parameters": {
                    "ARGS_WIDTH": "00000000000000000000000000000000",
                    "FLAVOR": "assume",
                    "FORMAT": true,
                    "PRIORITY": "11111111111111111111111111111111",
                    "TRG_ENABLE": "00000000000000000000000000000000",
                    "TRG_POLARITY": true,
                    "TRG_WIDTH": "00000000000000000000000000000000"
                  }
                }
            ]
          },
          {
            "type": "$le",
            "ports": [
                {
                  "name": "A",
                  "direction": "io",
                  "range": [4, 0]
                },
                {
                  "name": "B",
                  "direction": "io",
                  "range": [4, 0]
                },
                {
                  "name": "Y",
                  "direction": "",
                  "range": [0, 0]
                }
            ],
            "cells": [
                {
                  "name": "$le$verif_teste_integer.sv:12$3",
                  "attributes": {
                    "src": "verif_teste_integer.sv:12.17-12.29"
                  },
                  "parameters": {
                    "A_SIGNED": "00000000000000000000000000000000",
                    "A_WIDTH": "00000000000000000000000000000100",
                    "B_SIGNED": "00000000000000000000000000000000",
                    "B_WIDTH": "00000000000000000000000000000100",
                    "Y_WIDTH": "00000000000000000000000000000001"
                  }
                },
                {
                  "name": "$le$verif_teste_integer.sv:14$8",
                  "attributes": {
                    "src": "verif_teste_integer.sv:14.17-14.30"
                  },
                  "parameters": {
                    "A_SIGNED": "00000000000000000000000000000000",
                    "A_WIDTH": "00000000000000000000000000000101",
                    "B_SIGNED": "00000000000000000000000000000000",
                    "B_WIDTH": "00000000000000000000000000000101",
                    "Y_WIDTH": "00000000000000000000000000000001"
                  }
                }
            ]
          },
          {
            "type": "$eq",
            "ports": [
                {
                  "name": "A",
                  "direction": "io",
                  "range": [5, 0]
                },
                {
                  "name": "B",
                  "direction": "io",
                  "range": [5, 0]
                },
                {
                  "name": "Y",
                  "direction": "",
                  "range": [0, 0]
                }
            ],
            "cells": [
                {
                  "name": "$eq$verif_teste_integer.sv:13$6",
                  "attributes": {
                    "src": "verif_teste_integer.sv:13.17-13.39"
                  },
                  "parameters": {
                    "A_SIGNED": "00000000000000000000000000000000",
                    "A_WIDTH": "00000000000000000000000000000101",
                    "B_SIGNED": "00000000000000000000000000000000",
                    "B_WIDTH": "00000000000000000000000000000101",
                    "Y_WIDTH": "00000000000000000000000000000001"
                  }
                }
            ]
          },
          {
            "type": "$add",
            "ports": [
                {
                  "name": "A",
                  "direction": "io",
                  "range": [4, 0]
                },
                {
                  "name": "B",
                  "direction": "io",
                  "range": [4, 0]
                },
                {
                  "name": "Y",
                  "direction": "",
                  "range": [5, 0]
                }
            ],
            "cells": [
                {
                  "name": "$add$verif_teste_integer.sv:13$5",
                  "attributes": {
                    "src": "verif_teste_integer.sv:13.28-13.39"
                  },
                  "parameters": {
                    "A_SIGNED": "00000000000000000000000000000000",
                    "A_WIDTH": "00000000000000000000000000000100",
                    "B_SIGNED": "00000000000000000000000000000000",
                    "B_WIDTH": "00000000000000000000000000000100",
                    "Y_WIDTH": "00000000000000000000000000000101"
                  }
                }
            ]
          }
        ],
        "attributes": {
            "keep": "00000000000000000000000000000001",
            "top": "00000000000000000000000000000001",
            "src": "verif_teste_integer.sv:1.1-16.10"
        }
      }
  ]
}
